{"cameraMode":{"drawMode":0,"name":"Shaded","section":"Shading Mode"},"sceneLighting":true,"audioPlay":false,"sceneViewState":{"m_AlwaysRefresh":false,"showFog":true,"showSkybox":true,"showFlares":true,"showImageEffects":true,"showParticleSystems":true,"showVisualEffectGraphs":true,"m_FxEnabled":true},"in2DMode":false,"pivot":{"x":-1.508631944656372,"y":0.04356718063354492,"z":-42.728424072265628},"rotation":{"x":-0.06925441324710846,"y":-0.0008999866549856961,"z":0.0000633917807135731,"w":-0.9976018071174622},"size":12.14829158782959,"orthographic":true}