{"cameraMode":{"drawMode":0,"name":"Shaded","section":"Shading Mode"},"sceneLighting":true,"audioPlay":false,"sceneViewState":{"m_AlwaysRefresh":false,"showFog":true,"showSkybox":true,"showFlares":true,"showImageEffects":true,"showParticleSystems":true,"showVisualEffectGraphs":true,"m_FxEnabled":true},"in2DMode":false,"pivot":{"x":-1.508631944656372,"y":0.04356718063354492,"z":-42.728424072265628},"rotation":{"x":-0.14231832325458527,"y":-0.009801152162253857,"z":0.0014102391432970763,"w":-0.9897751808166504},"size":7.192508220672607,"orthographic":true}